41,1,3,0,1
28,0,1,0,1
287,90,2,0,1
225,44,4,0,1
98,17,5,0,1
39,0,0,0,1
84,10,7,1,1
1500,78,25,0,1
367,14,10,0,1
525,14,2,0,1
303,0,9,1,1
87,1,6,0,1
693,141,9,0,1
1,0,0,0,1
1,0,0,0,1
47,4,1,0,1
48,0,1,0,1
119,11,1,1,1
487,69,7,0,1
47,2,0,0,1
531,15,2,0,1
6,0,1,0,1
1,0,0,0,1
35,12,2,0,1
75,2,1,0,1
53,4,1,0,1
1526,56,18,0,1
526,15,2,0,1
64,2,1,0,1
75,2,1,0,1
1523,57,20,0,1
173,7,6,1,1
394,43,27,2,1
509,110,10,0,1
69,1,1,1,1
133,2,2,0,1
383,48,4,0,1
80,10,7,1,1
1,0,0,0,1
50,2,3,0,1
25,2,4,0,1
78,0,1,0,1
72,25,2,0,1
10,0,2,0,1
1244,38,14,0,1
269,26,5,0,1
1248,41,14,0,1
200,18,4,0,1
106,20,1,0,1
40,4,1,0,1
447,28,10,1,1
202,0,4,0,1
117,0,1,0,1
78,13,7,0,1
310,3,6,0,1
5,0,0,0,1
844,50,18,0,1
209,1,7,0,1
42,0,2,0,1
52,2,1,0,1
65,2,2,1,1
225,1,4,0,1
1,0,0,0,1
88,4,9,0,1
279,38,6,0,1
1274,138,14,0,1
70,9,2,0,1
42,2,0,0,1
210,1,6,0,1
156,10,5,0,1
27,0,0,0,1
200,60,2,0,1
42,0,2,0,1
25,2,4,0,1
126,0,5,1,1
203,4,4,0,1
2300,580,10,0,1
191,76,1,0,1
156,10,5,0,1
88,19,0,0,1
94,20,1,0,1
79,3,1,0,1
226,5,8,1,1
43,0,0,0,1
34,0,0,0,1
130,0,1,1,1
881,370,2,0,1
38,0,7,0,1
66,4,4,0,1
98,0,4,0,1
152,10,6,0,1
16,0,0,0,1
189,65,5,0,1
489,80,13,0,1
525,14,2,0,1
169,2,12,1,1
166,53,2,1,1
239,15,10,0,1
80,3,10,0,1
44,0,0,0,1
721,45,4,0,1
231,13,6,0,1
19,0,1,0,1
6,1,0,0,1
59,0,0,0,1
109,29,0,0,1
35,0,3,0,1
115,1,1,0,1
82,0,2,0,1
884,4,6,0,1
126,7,13,0,1
89,0,0,0,1
305,146,12,0,1
347,60,4,0,1
83,2,0,0,1
82,22,1,0,1
421,84,9,0,1
727,43,4,0,1
22,0,4,1,1
24,0,1,0,1
325,144,9,0,1
146,47,6,0,1
102,2,5,1,1
157,4,6,0,1
616,143,14,0,1
964,441,43,0,1
111,0,1,0,1
425,5,2,0,1
111,20,1,0,1
199,2,5,1,1
66,17,6,0,1
760,32,8,0,1
35,1,2,0,1
173,7,6,1,1
1681,91,22,0,1
85,14,2,0,1
365,9,12,0,1
774,87,12,1,1
69,2,3,0,1
81,4,4,0,1
132,53,0,0,1
528,14,2,0,1
1512,101,21,0,1
13,0,0,0,1
3962,748,10,0,1
104,25,4,0,1
1041,88,22,0,1
55,1,0,0,1
600,41,2,0,1
24,3,1,0,1
45,0,7,1,1
199,3,8,2,1
20,0,1,0,1
461,14,5,0,1
343,25,39,2,1
55,6,2,0,1
145,13,1,1,1
80,0,1,0,1
38,0,0,0,1
81,1,2,0,1
20,0,2,0,1
230,17,9,1,1
146,0,2,0,1
144,0,7,0,1
93,20,3,0,1
222,9,2,0,1
165,3,1,0,1
94,4,2,0,1
20,0,0,0,1
134,0,5,0,1
148,19,6,0,1
15,0,0,0,1
142,16,4,0,1
1392,101,10,1,1
58,0,1,0,1
2,0,0,0,1
201,14,3,0,1
16,2,1,0,1
120,5,6,0,1
124,16,10,0,1
129,54,0,0,1
1563,39,15,0,1
129,8,1,0,1
669,65,0,0,1
156,29,6,0,1
71,2,2,0,1
1653,51,14,0,1
4,0,0,0,1
21,1,1,0,1
1532,71,23,0,1
46,5,6,0,1
20,1,2,1,1
156,0,4,0,1
176,9,2,0,1
22,1,3,1,1
124,36,2,0,1
322,24,9,0,1
531,78,12,0,1
257,75,13,0,1
116,3,3,0,1
132,0,1,1,1
513,110,11,0,1
1320,26,11,0,1
61,2,5,0,1
962,33,12,0,1
1055,63,22,0,1
58,0,1,0,1
14,0,1,0,1
8,0,2,0,1
33,0,0,0,1
7,0,1,0,1
97,2,0,0,1
130,0,1,0,1
11,0,0,0,1
81,18,6,0,1
90,20,3,0,1
170,59,2,0,1
29,2,0,0,1
148,10,0,0,1
1740,45,19,0,1
101,14,4,0,1
66,0,1,0,1
116,7,4,0,1
20,0,1,0,1
167,2,13,2,1
37,21,3,0,1
1440,86,26,0,1
72,0,1,0,1
1730,46,17,0,1
66,12,2,0,1
342,23,3,0,1
588,0,7,0,1
73,23,3,0,1
37,21,3,0,1
120,7,7,1,1
20,0,0,0,1
21,0,0,0,1
21,0,2,0,1
921,26,13,0,1
15,0,0,0,1
158,27,6,0,1
56,14,0,0,1
103,2,1,0,1
191,98,36,0,1
20,0,1,0,1
320,21,12,0,1
54,10,1,0,1
640,49,15,0,1
114,46,1,0,1
497,95,14,0,1
66,0,1,0,1
627,0,2,0,1
147,25,3,0,1
90,10,2,0,1
93,3,2,0,1
682,37,5,0,1
84,10,3,1,1
422,59,12,1,1
22,0,1,0,1
73,0,3,0,1
127,2,6,0,1
62,7,0,0,1
31,0,0,0,1
38,2,2,1,1
130,28,5,0,1
204,12,10,0,1
904,23,11,0,1
23,0,2,0,1
633,48,11,0,1
316,55,1,0,1
102,4,0,0,1
662,41,16,0,1
209,2,3,0,1
99,21,2,0,1
661,34,5,0,1
182,19,6,1,1
358,114,37,0,1
102,30,5,0,1
1398,32,16,0,1
1203,57,32,0,1
101,23,1,0,1
76,1,0,0,1
73,0,2,0,1
561,140,13,0,1
479,23,6,0,1
97,9,8,0,1
731,15,16,0,1
142,2,10,0,1
105,0,2,0,1
11,0,0,0,1
1778,58,38,0,1
145,18,6,0,1
648,0,4,1,1
971,32,12,0,1
65,0,0,0,1
84,12,3,1,1
81,1,0,0,1
107,20,2,0,1
32,0,4,0,1
101,1,2,0,1
1248,58,20,0,1
151,1,7,0,1
275,40,6,0,1
148,23,6,0,1
634,10,3,0,1
27,0,1,0,1
91,1,4,1,1
172,54,4,0,1
515,36,5,0,1
188,13,5,0,1
3,0,0,0,1
710,55,3,0,1
22,1,2,0,1
166,4,3,0,1
14,0,0,0,1
113,5,2,0,1
772,73,24,0,1
152,1,2,0,1
98,17,4,0,1
53,11,0,0,1
71,15,0,0,1
115,9,4,0,1
35,0,1,0,1
1,0,0,0,1
478,83,11,0,1
108,8,2,0,1
181,68,3,0,1
109,7,2,0,1
139,41,4,0,1
671,20,2,0,1
601,186,6,0,1
116,7,13,0,1
90,1,6,0,1
161,15,5,0,1
424,0,4,0,1
203,1,1,0,1
87,8,3,0,1
65,0,0,0,1
24,0,1,0,1
105,1,4,0,1
153,6,4,0,1
176,3,1,0,1
765,34,9,0,1
120,8,7,0,1
655,3,0,0,1
316,6,1,0,1
84,20,2,0,1
109,7,2,0,1
186,2,2,0,1
629,126,12,0,1
629,0,0,0,1
645,10,0,0,1
109,4,3,0,1
601,134,29,0,1
171,11,3,0,1
94,20,2,0,1
106,4,3,0,1
161,10,4,1,1
107,14,3,1,1
221,7,6,0,1
481,58,12,0,1
1643,68,34,0,1
66,11,3,0,1
109,6,2,0,1
848,73,23,0,1
287,18,1,0,1
184,2,2,0,1
64,2,6,0,1
78,0,3,0,1
110,20,2,0,1
603,134,30,0,1
509,60,12,0,1
1024,39,14,0,1
106,5,5,0,1
68,8,2,0,1
110,8,2,0,1
562,9,7,1,1
96,13,3,0,1
132,39,6,0,1
71,31,1,0,1
132,20,5,0,1
111,9,3,0,1
245,6,2,0,1
55,3,4,0,1
92,2,3,0,1
104,2,2,0,1
299,19,3,0,1
39,0,0,0,1
144,1,3,0,1
28,0,2,0,1
555,138,30,0,1
55,2,0,0,1
223,7,6,0,1
47,0,4,0,1
660,39,13,0,1
98,20,3,0,1
65,0,3,0,1
285,6,10,0,1
64,2,9,1,1
99,2,0,0,1
466,77,11,0,1
333,3,1,0,1
301,10,3,0,1
185,0,3,0,1
26,5,0,0,1
40,5,2,0,1
89,4,1,0,1
191,45,24,0,1
84,1,0,0,1
838,4,3,0,1
126,33,3,1,1
66,1,0,0,1
130,40,3,1,1
82,6,1,0,1
240,9,8,0,1
149,11,0,0,1
241,2,4,0,1
315,3,1,0,1
218,7,7,0,1
181,7,4,0,1
200,12,5,0,1
133,5,5,0,1
218,2,2,0,1
153,6,4,0,1
259,12,11,0,1
10,0,0,0,1
88,2,3,1,1
12,0,0,0,1
293,19,6,0,1
50,0,5,0,1
50,0,5,0,1
108,3,10,0,1
88,26,3,1,1
66,0,2,0,1
214,2,3,0,1
243,9,8,0,1
106,3,2,0,1
234,17,12,1,1
547,23,27,4,1
51,2,8,0,1
210,7,7,0,1
24,2,0,0,1
619,26,9,0,1
107,3,8,0,1
79,3,3,0,1
186,0,4,0,1
237,5,2,0,1
63,0,1,0,1
96,20,3,0,1
272,10,2,0,1
109,9,3,0,1
23,38,0,0,1
673,79,17,2,1
489,57,10,0,1
200,12,3,0,1
65,0,2,0,1
83,3,2,0,1
87,14,12,0,1
151,7,3,0,1
1059,48,15,0,1
42,2,0,0,1
105,7,4,0,1
87,6,1,0,1
15,17,0,0,1
54,0,1,0,1
696,1,4,0,1
110,2,2,0,1
859,42,10,0,1
533,133,14,0,1
360,64,14,2,1
122,3,8,1,1
480,63,11,0,1
98,21,1,0,1
324,64,0,0,1
85,3,2,0,1
89,0,1,0,1
342,23,9,1,1
88,2,3,1,1
272,17,3,0,1
170,0,1,0,1
618,64,17,0,1
447,4,2,0,1
481,56,10,0,1
115,20,3,0,1
82,0,0,0,1
111,20,1,0,1
1106,95,22,0,1
9,0,0,0,1
480,51,10,0,1
83,2,2,0,1
302,6,10,0,1
663,143,15,0,1
80,0,2,1,1
233,8,4,0,1
135,20,7,0,1
3,0,0,0,1
191,77,15,0,1
86,0,0,0,1
67,0,0,0,1
164,6,2,0,1
5,0,0,0,1
17,0,3,0,1
47,0,1,0,1
53,0,3,0,1
228,0,1,0,1
24,0,1,0,1
765,58,7,0,1
45,0,0,0,1
5,1,0,0,1
75,26,3,0,1
70,0,4,0,1
90,11,4,0,1
118,20,1,0,1
141,0,0,0,1
441,79,12,0,1
29,0,1,0,1
63,0,6,1,1
90,20,1,0,1
12,0,2,1,1
73,0,6,1,1
290,97,12,0,1
72,0,1,0,1
36,4,2,0,1
50,2,0,0,1
99,0,0,0,1
29,0,1,0,1
287,6,10,0,1
251,10,12,0,1
181,9,9,0,1
5,0,0,0,1
205,16,1,0,1
77,17,3,0,1
950,123,17,0,1
157,6,5,0,1
165,28,3,0,1
731,43,12,0,1
290,6,10,0,1
59,12,3,0,1
175,0,4,0,1
158,28,3,0,1
239,2,0,0,1
111,6,8,0,1
27,0,0,0,1
87,20,1,0,1
96,0,1,0,1
64,0,6,0,1
113,0,3,0,1
597,194,41,0,1
546,196,39,0,1
124,20,1,0,1
23,3,0,0,1
21,3,2,0,1
27,8,0,0,1
114,15,3,0,1
67,18,3,0,1
140,9,10,0,1
745,4,3,0,1
199,94,37,0,1
192,14,2,0,1
181,3,3,0,1
385,11,4,0,1
188,8,10,0,1
662,1,5,0,1
66,0,0,0,1
213,0,16,2,1
15,0,0,1,1
303,100,3,0,1
812,16,25,1,1
6,0,0,0,1
57,7,3,0,1
132,4,3,0,1
8,0,2,0,1
97,27,2,0,1
97,0,3,1,1
145,6,5,0,1
2731,4,31,0,1
503,20,6,0,1
81,0,0,0,1
45,2,0,0,1
27,0,0,0,1
72,6,7,0,1
569,12,1,0,1
1267,103,41,0,1
2560,1294,9,0,1
724,41,14,0,1
173,8,4,0,1
178,6,9,0,1
11,0,0,0,1
108,2,5,0,1
114,0,5,0,1
68,25,2,0,1
673,16,3,0,1
160,23,14,0,1
216,12,5,0,1
10,0,2,0,1
83,24,5,0,1
264,9,7,0,1
601,66,12,1,1
82,14,7,0,1
188,17,0,0,1
13,0,0,0,1
78,7,3,0,1
87,45,1,0,1
15,0,0,0,1
20,0,1,0,1
331,135,2,0,1
344,160,1,0,1
89,17,2,0,1
54,2,2,0,1
27,2,2,0,1
75,10,1,0,1
177,4,2,0,1
329,4,1,0,1
728,47,5,0,1
125,4,5,0,1
19,0,3,0,1
50,1,8,0,1
215,5,4,1,1
58,3,2,0,1
64,5,5,0,1
479,54,12,0,1
7,0,1,0,1
630,119,15,1,1
40,1,1,0,1
1419,121,47,0,1
80,0,1,0,1
29,0,3,0,1
209,6,2,0,1
556,13,16,0,1
210,34,7,0,1
9,0,2,0,1
9,2,2,0,1
90,1,2,0,1
14,0,1,0,1
458,132,5,1,1
660,151,14,0,1
18,0,1,0,1
7,0,1,0,1
11,1,2,0,1
89,4,1,0,1
11,0,1,0,1
324,10,7,0,1
8,0,3,0,1
716,412,61,0,1
2443,1180,9,0,1
18,3,1,0,1
395,2,0,0,1
1177,79,29,0,1
443,17,12,0,1
75,0,0,1,1
11,0,1,0,1
142,3,3,0,1
45,0,6,2,1
394,3,2,0,1
9,0,2,0,1
10,2,2,0,1
365,15,1,0,1
413,8,1,0,1
32,0,2,1,1
50,4,1,0,1
49,6,2,0,1
11,0,2,0,1
54,8,2,0,1
105,4,1,0,1
32,0,2,1,1
546,267,48,0,1
481,17,13,0,1
106,0,1,0,1
29,6,0,0,1
200,0,8,0,1
70,0,3,0,1
310,1,0,0,1
553,267,49,0,1
286,2,1,0,1
330,31,8,0,1
193,15,11,0,1
15,0,1,0,1
563,67,22,0,1
32,0,2,0,1
50,8,2,0,1
54,8,1,0,1
139,7,9,0,1
138,4,4,0,1
294,2,0,0,1
282,13,1,0,1
49,4,1,0,1
127,5,2,0,1
287,17,4,0,1
125,13,13,0,1
294,2,0,0,1
46,0,3,0,1
301,21,6,0,1
176,5,7,0,1
2705,1398,3,0,1
138,2,1,0,1
337,109,32,0,1
51,0,0,0,1
329,68,10,0,1
542,267,49,0,1
88,2,5,0,1
62,4,5,1,1
923,35,16,0,1
101,51,2,0,1
70,0,4,0,1
29,6,0,0,1
6,2,0,0,1
159,4,8,0,1
556,267,47,0,1
177,12,8,1,1
200,11,18,1,1
85,4,2,0,1
622,92,11,0,1
260,66,1,0,1
8,0,2,0,1
538,267,49,0,1
554,267,49,0,1
16,0,2,0,1
59,9,3,0,1
569,267,51,0,1
47,0,8,0,1
63,0,5,2,1
38,9,0,0,1
87,0,5,0,1
337,19,3,0,1
905,51,21,0,1
113,6,2,0,1
100,54,14,0,1
801,164,42,0,1
160,15,14,0,1
183,8,2,0,1
713,291,49,0,1
34,2,0,0,1
1333,257,19,0,1
82,6,11,0,1
368,16,1,0,1
80,2,3,0,1
216,10,5,0,1
32,0,5,0,1
76,0,5,0,1
62,4,4,1,1
197,9,3,0,1
180,49,13,0,1
878,22,5,0,1
58,0,6,1,1
999,104,26,1,1
11,0,2,1,1
46,2,4,0,1
62,3,0,0,1
49,0,5,2,1
97,6,2,0,1
54,8,1,0,1
9,0,2,0,1
293,77,3,0,1
109,20,6,0,1
69,4,1,0,1
72,0,1,0,1
119,3,3,0,1
14,0,3,0,1
1476,186,29,0,1
653,63,9,0,1
42,3,0,0,1
277,109,31,0,1
141,0,3,0,1
445,20,2,0,1
70,20,0,0,1
89,2,1,0,1
1167,135,14,1,1
159,0,2,0,1
108,0,0,0,1
94,8,2,0,1
41,4,1,0,1
70,20,0,0,1
146,13,0,0,1
135,15,2,0,1
16,0,2,0,1
89,11,3,0,1
54,7,3,1,1
76,0,1,0,1
383,0,0,0,1
200,10,9,0,1
658,58,13,0,1
157,69,4,0,1
233,3,7,0,1
158,2,1,0,1
161,4,3,0,1
29,6,0,0,1
239,0,6,0,1
130,7,3,0,1
6,0,0,0,1
13,0,0,0,1
79,16,0,0,1
377,0,2,0,1
366,3,2,0,1
220,112,11,0,1
62,16,1,0,1
149,11,1,0,1
63,11,0,0,1
73,0,4,0,1
117,18,4,0,1
27,0,0,0,1
212,3,5,0,1
408,26,6,0,1
283,93,13,1,1
244,3,4,0,1
466,0,1,0,1
77,4,5,0,1
200,6,1,0,1
130,2,7,0,1
647,112,17,0,1
108,10,4,0,1
107,7,14,0,1
74,0,1,0,1
211,11,3,0,1
73,8,0,0,1
167,0,21,0,1
87,23,5,0,1
189,19,2,0,1
255,28,4,0,1
432,27,9,0,1
107,20,5,0,1
73,8,0,0,1
103,25,4,0,1
71,24,3,0,1
1,0,0,0,1
50,1,0,0,1
1303,129,25,0,1
183,49,3,1,1
119,9,0,0,1
945,60,23,3,1
156,3,0,0,1
168,18,4,0,1
308,103,33,0,1
375,7,7,0,1
33,4,1,0,1
84,3,3,0,1
110,20,6,0,1
60,14,5,0,1
164,36,6,0,1
496,0,0,0,1
198,28,4,1,1
261,81,11,0,1
392,9,3,0,1
33,1,4,1,1
277,13,3,0,1
70,0,0,0,1
9,0,2,0,1
358,7,1,0,1
604,93,15,0,1
89,17,4,1,1
202,1,7,0,1
207,30,3,1,1
325,2,0,0,1
326,12,3,0,1
131,7,1,0,1
387,2,2,0,1
219,0,2,0,1
120,8,6,0,1
450,55,15,0,1
577,275,5,0,1
62,10,2,0,1
78,12,1,0,1
417,0,2,0,1
125,21,4,0,1
200,28,3,1,1
532,102,14,0,1
395,3,3,0,1
9,0,0,0,1
53,9,0,0,1
32,1,7,1,1
304,0,0,0,1
92,20,1,0,1
161,6,5,0,1
9,0,1,0,1
934,182,21,0,1
181,18,5,0,1
121,14,6,1,1
181,3,4,0,1
324,6,5,0,1
214,2,1,0,1
157,8,3,0,1
41,2,2,0,1
710,47,4,0,1
109,13,3,1,1
147,9,1,0,1
44,5,5,0,1
153,3,2,0,1
191,2,2,0,1
50,14,4,0,1
296,7,7,0,1
103,0,2,0,1
124,20,9,2,1
92,6,3,0,1
885,180,17,0,1
574,83,11,0,1
362,0,3,0,1
150,0,4,0,1
606,9,13,0,1
161,6,4,0,1
89,1,0,0,1
14,0,0,0,1
94,3,0,0,1
31,1,4,1,1
31,1,4,1,1
392,32,8,0,1
64,0,1,0,1
1,0,0,0,1
132,9,3,0,1
246,14,2,0,1
50,14,4,0,1
41,3,4,0,1
164,15,6,0,1
1,0,0,0,1
701,16,11,0,1
935,20,7,0,1
451,5,2,0,1
30,8,6,1,1
63,6,0,0,1
577,275,5,0,1
125,6,0,0,1
160,7,3,0,1
390,0,2,0,1
131,210,0,0,1
144,0,1,0,1
24,4,0,0,1
1,0,0,0,1
223,41,6,0,1
577,275,5,0,1
51,6,0,0,1
379,36,16,0,1
34,1,5,1,1
33,1,6,1,1
592,123,13,0,1
69,1,0,0,1
33,1,7,1,1
60,5,0,0,1
70,0,1,0,1
184,32,3,1,1
242,15,12,0,1
118,3,16,2,1
113,7,13,0,1
71,0,2,0,1
679,18,11,1,1
177,4,3,0,1
225,196,1,0,1
587,28,3,0,1
57,3,4,0,1
278,24,5,0,1
82,6,4,0,1
579,275,5,0,1
47,2,1,0,1
665,115,12,0,1
198,16,2,0,1
35,0,0,0,1
59,0,4,0,1
205,3,11,1,1
237,54,2,0,1
329,62,3,0,1
224,18,7,1,1
188,6,17,0,1
227,3,10,1,1
164,4,2,0,1
33,1,3,1,1
27,1,0,0,1
24,1,1,0,1
43,10,1,0,1
40,1,3,0,1
152,19,5,0,1
120,18,2,0,1
253,4,1,0,1
279,18,5,0,1
74,2,3,0,1
51,10,0,0,1
116,3,7,0,1
454,61,10,0,1
80,0,0,0,1
166,40,14,0,1
34,0,1,0,1
74,0,5,0,1
417,78,16,0,1
13,2,2,0,1
104,0,6,1,1
142,16,5,1,1
41,0,0,0,1
59,1,0,0,1
30,1,6,1,1
25,2,2,0,1
8,0,1,0,1
162,51,10,1,1
90,0,1,0,1
33,1,4,0,1
33,1,4,0,1
6,0,0,0,1
101,13,0,0,1
1422,4,5,0,1
11,0,2,1,1
222,14,4,0,1
71,0,6,0,1
13,0,2,0,1
81,6,3,0,1
199,11,6,0,1
225,10,8,0,1
532,30,2,0,1
58,1,5,0,1
239,22,0,0,1
20,2,3,0,1
8,0,2,0,1
71,3,2,0,1
975,195,21,0,1
14,0,3,0,1
30,1,0,0,1
53,0,8,0,1
12,0,2,0,1
459,63,12,0,1
67,0,3,0,1
67,0,7,0,1
67,0,7,0,1
922,41,15,0,1
79,5,2,0,1
29,0,0,0,1
103,2,2,0,1
480,82,12,0,1
538,7,6,0,1
6,0,0,0,1
1385,130,19,0,1
29,2,1,0,1
853,49,4,0,1
250,1,1,0,1
5,0,2,0,1
83,0,1,0,1
66,12,2,0,1
411,63,12,1,1
1880,148,33,1,1
46,1,9,0,1
1225,116,35,0,1
39,2,3,0,1
54,1,3,0,1
1,0,0,0,1
152,7,20,0,1
45,1,0,0,1
13,0,1,0,1
130,52,0,0,1
93,4,9,0,1
93,4,9,0,1
1027,164,15,0,1
9,0,2,0,1
84,0,0,0,1
86,0,1,0,1
791,0,3,0,1
30,4,1,0,1
7,0,2,0,1
86,2,2,0,1
292,33,4,0,1
5,0,1,0,1
45,10,0,0,1
89,2,14,0,1
747,153,10,1,1
200,2,1,0,1
378,10,9,0,1
10,0,4,0,1
68,0,9,0,1
164,27,4,1,1
10,0,0,0,1
5,0,1,0,1
3012,523,4,0,1
9,0,2,0,1
9,0,2,0,1
161,18,3,0,1
169,16,4,0,1
1,0,0,0,1
124,8,5,0,1
8,0,0,0,1
231,3,8,0,1
470,56,13,0,1
120,2,1,0,1
105,4,7,0,1
87,0,1,0,1
86,6,3,0,1
12,0,1,0,1
130,2,2,0,1
216,10,4,0,1
162,23,4,1,1
272,22,2,0,1
173,3,2,0,1
158,6,2,0,1
10,0,1,0,1
30,4,1,0,1
108,32,5,0,1
86,4,1,0,1
245,5,16,0,1
700,236,3,0,1
85,2,3,1,1
85,14,2,0,1
10,0,0,0,1
82,0,3,1,1
592,8,10,0,1
714,160,10,0,1
84,0,1,0,1
120,6,4,0,1
151,2,1,0,1
72,6,0,0,1
291,8,4,0,1
239,119,12,0,1
543,76,21,0,1
6,0,0,0,1
395,124,34,0,1
145,29,3,1,1
31,1,4,0,1
802,42,23,0,1
18,4,1,0,1
182,0,3,1,1
5,0,0,0,1
120,6,4,0,1
109,44,3,0,1
28,0,0,0,1
122,10,4,0,1
20,0,0,0,1
1926,490,10,0,1
128,2,5,0,1
118,11,6,0,1
14,0,0,0,1
222,17,4,0,1
345,19,4,0,1
205,21,0,0,1
14,0,0,0,1
113,8,7,0,1
115,49,2,0,1
140,4,6,0,1
69,12,4,0,1
259,20,6,0,1
44,6,4,0,1
44,6,4,0,1
84,0,1,0,1
85,0,5,0,1
156,72,14,0,1
145,77,4,0,1
160,0,9,0,1
16,0,2,0,1
101,16,14,0,1
95,9,8,0,1
44,0,2,0,1
83,2,12,0,1
20,0,0,0,1
382,39,10,0,1
2051,83,22,1,1
71,10,1,0,1
13,0,1,0,1
84,10,3,0,1
252,0,1,0,1
96,18,13,0,1
16,0,1,0,1
16,2,2,0,1
407,0,6,0,1
92,0,3,0,1
238,24,8,5,1
164,43,1,0,1
226,4,3,0,1
54,0,2,0,1
13,0,1,0,1
15,0,0,0,1
147,28,1,0,1
14,0,0,0,1
83,11,13,0,1
146,16,2,0,1
201,43,2,1,1
44,0,2,0,1
274,24,7,0,1
27,0,1,0,1
1673,76,15,0,1
16,0,0,0,1
5,0,1,0,1
50,2,2,1,1
7,0,2,0,1
94,1,0,0,1
13,0,1,0,1
51,2,2,0,1
141,3,5,0,1
174,2,8,0,1
564,16,1,0,1
557,121,10,0,1
67,20,1,0,1
12,0,0,0,1
102,19,14,0,1
30,0,1,0,1
148,0,3,0,1
20,0,0,0,1
11,3,0,0,1
44,0,2,0,1
563,85,10,0,1
356,7,6,0,1
160,4,3,0,1
114,16,14,0,1
122,2,5,0,1
47,2,1,0,1
706,239,3,0,1
237,14,4,0,1
1097,44,10,0,1
139,15,2,1,1
123,12,4,1,1
141,10,9,1,1
5,0,0,0,1
45,5,0,0,1
283,21,3,0,1
17,2,3,0,1
238,2,9,0,1
46,0,0,0,1
32,2,1,0,1
22,2,1,0,1
173,35,3,0,1
11,0,2,0,1
23,0,1,0,1
1307,197,18,0,1
60,0,0,0,1
8,0,0,0,1
83,2,12,0,1
92,11,1,0,1
26,0,1,0,1
237,12,4,0,1
118,18,15,0,1
174,4,4,0,1
144,22,5,2,1
22,18,0,0,1
73,11,5,0,1
36,7,2,0,1
8,0,0,0,1
7,0,0,0,1
36,0,2,0,1
124,9,11,0,1
11,0,0,0,1
10,0,0,0,1
8,0,0,0,1
11,0,0,0,1
45,0,1,0,1
253,14,18,0,1
92,18,0,0,1
125,2,2,0,1
148,0,3,0,1
69,22,0,0,1
284,6,17,1,1
96,16,14,0,1
103,16,0,1,1
222,10,4,0,1
15,0,0,0,1
105,23,12,0,1
187,5,6,0,1
61,0,0,0,1
60,9,0,0,1
6,0,0,0,1
25,1,0,0,1
16,2,1,0,1
237,13,4,0,1
140,2,5,0,1
36,0,0,0,1
17,2,0,0,1
66,0,4,0,1
6,0,0,0,1
304,50,5,1,1
34,17,0,0,1
281,15,11,0,1
38,4,0,0,1
160,4,1,0,1
167,9,4,0,1
10,0,1,0,1
46,0,3,0,1
6,0,0,0,1
68,24,1,0,1
1,0,0,0,1
6,0,0,0,1
18,0,0,0,1
1132,60,14,0,1
62,20,2,0,1
138,6,13,1,1
673,43,10,1,1
192,75,19,0,1
300,79,15,0,1
23,0,0,0,1
63,10,1,0,1
112,26,4,0,1
390,150,3,0,1
196,21,2,0,1
1094,60,13,0,1
103,6,4,0,1
235,4,4,0,1
87,14,6,0,1
40,0,1,0,1
157,13,8,2,1
190,26,4,0,1
16,0,0,0,1
141,2,8,0,1
3,0,0,0,1
726,84,6,0,1
170,50,0,0,1
158,4,5,0,1
135,16,3,1,1
30,0,1,0,1
413,4,5,0,1
233,70,4,1,1
374,96,12,0,1
57,8,1,0,1
117,0,3,0,1
10,2,0,0,1
15,0,0,0,1
158,4,5,0,1
189,43,1,0,1
86,28,0,0,1
33,2,0,0,1
291,18,5,0,1
311,10,31,0,1
29,16,0,0,1
238,17,0,0,1
80,8,4,0,1
301,7,5,0,1
47,0,0,0,1
44,0,1,0,1
66,9,6,0,1
102,10,6,0,1
75,22,2,0,1
573,53,8,0,1
34,0,2,0,1
54,5,1,0,1
7,1,0,0,1
158,0,0,0,1
209,26,6,0,1
226,111,12,0,1
55,3,7,0,1
59,3,0,0,1
204,0,2,0,1
75,2,5,1,1
281,0,4,0,1
25,4,0,0,1
83,6,4,0,1
143,2,6,0,1
223,4,3,0,1
173,26,20,0,1
70,32,15,1,1
91,3,0,0,1
148,60,1,0,1
103,43,2,0,1
267,71,5,0,1
95,6,11,0,1
77,12,4,1,1
58,6,1,0,1
1290,518,29,0,1
172,49,5,0,1
57,0,0,0,1
75,0,1,0,1
185,11,4,0,1
17,16,1,0,1
177,2,5,0,1
208,0,2,0,1
38,0,0,0,1
38,4,2,0,1
46,0,4,0,1
104,0,0,1,1
43,4,2,0,1
149,6,2,0,1
50,0,1,1,1
38,0,0,0,1
82,9,6,0,1
341,0,6,0,1
27,0,0,0,1
37,4,0,0,1
268,31,4,0,1
63,20,2,0,1
12,0,0,0,1
171,48,1,0,1
113,2,3,2,1
158,65,3,0,1
310,0,5,0,1
75,0,1,0,1
196,65,1,0,1
169,64,16,0,1
90,0,7,0,1
218,0,1,0,1
39,4,3,0,1
43,6,3,0,1
73,4,3,0,1
195,12,5,0,1
158,4,5,0,1
238,61,1,0,1
184,67,3,0,1
115,8,10,0,1
353,4,3,1,1
173,3,4,0,1
44,9,0,0,1
42,0,1,0,1
25,0,0,0,1
357,6,2,0,1
319,0,2,0,1
105,6,4,0,1
139,44,0,0,1
250,22,2,0,1
108,11,5,0,1
198,79,4,0,1
55,0,2,0,1
74,1,1,0,1
94,6,0,0,1
526,222,1,0,1
333,11,4,1,1
165,65,3,0,1
217,31,1,0,1
112,15,3,1,1
243,3,3,0,1
183,14,14,0,1
41,2,0,0,1
79,1,2,0,1
265,0,4,0,1
190,11,4,0,1
41,4,2,0,1
47,3,3,0,1
95,17,2,0,1
84,1,2,0,1
133,28,1,0,1
157,47,3,0,1
1,0,0,0,1
8,0,1,0,1
53,11,0,0,1
1,0,0,0,1
1345,75,26,0,1
126,6,12,0,1
22,0,1,0,1
170,1,3,0,1
548,15,1,0,1
1,0,0,0,1
88,27,8,0,1
49,0,0,0,1
149,20,4,0,1
94,8,2,0,1
91,21,1,0,1
772,235,39,0,1
85,1,1,0,1
43,6,0,0,1
107,0,0,0,1
145,1,0,0,1
43,6,0,0,1
207,7,7,0,1
29,0,0,0,1
90,31,9,0,1
127,6,12,0,1
141,10,9,1,1
36,2,0,0,1
506,82,13,0,1
1188,80,29,0,1
33,7,2,0,1
478,39,12,0,1
76,14,8,0,1
105,12,6,0,1
198,14,11,1,1
138,57,1,0,1
135,2,5,0,1
446,17,2,0,1
46,18,2,0,1
135,29,11,0,1
72,19,2,0,1
18,0,2,0,1
110,5,3,0,1
209,2,4,0,1
163,10,6,0,1
101,30,2,0,1
375,43,8,0,1
137,19,8,0,1
376,41,8,0,1
148,19,9,0,1
65,7,2,0,1
25,0,1,0,1
53,3,3,0,1
94,8,2,0,1
122,16,2,0,1
124,0,2,0,1
526,58,18,0,1
1117,64,16,0,1
58,0,1,0,1
72,18,2,0,1
288,18,5,0,1
163,10,6,0,1
95,2,5,0,1
190,76,3,0,1
735,44,14,0,1
392,57,10,0,1
1091,88,30,0,1
69,10,5,0,1
957,0,13,0,1
154,53,2,0,1
73,4,4,0,1
8,0,0,0,1
1264,45,18,0,1
90,0,2,1,1
57,1,2,1,1
203,23,6,2,1
33,2,1,0,1
163,5,7,0,1
45,0,3,0,1
160,10,6,0,1
1155,49,12,0,1
159,5,2,0,1
135,49,2,0,1
109,18,7,0,1
117,5,2,0,1
100,27,0,0,1
33,7,0,0,1
184,4,7,0,1
10,1,0,0,0
183,10,2,1,0
113,12,0,0,0
21,0,0,0,0
17,4,1,0,0
144,30,0,0,0
150,85,1,0,0
102,1,0,0,0
288,145,0,0,0
23,12,0,0,0
68,47,0,0,0
143,28,0,0,0
467,80,2,0,0
156,18,1,0,0
98,26,0,0,0
107,26,0,0,0
109,26,0,0,0
135,54,0,0,0
80,12,0,0,0
23,12,0,0,0
21,16,0,0,0
673,68,4,1,0
126,28,0,0,0
38,11,0,0,0
240,77,0,0,0
68,9,0,0,0
187,37,0,0,0
120,0,1,0,0
100,32,0,0,0
222,85,1,0,0
109,26,0,0,0
198,2,2,0,0
23,12,0,0,0
174,70,3,0,0
33,22,0,0,0
581,38,9,0,0
508,24,1,0,0
138,35,0,0,0
158,33,1,0,0
259,5,5,0,0
12,0,0,0,0
109,12,2,0,0
308,24,2,0,0
554,36,3,0,0
1333,154,9,0,0
480,36,4,0,0
679,149,2,0,0
148,14,2,0,0
189,34,1,0,0
115,26,0,0,0
185,51,0,0,0
213,26,0,0,0
266,7,4,0,0
12,10,0,0,0
32,13,0,0,0
559,24,2,0,0
23,12,0,0,0
24,17,0,0,0
170,29,2,0,0
95,30,0,0,0
65,0,2,0,0
376,61,1,0,0
482,71,2,0,0
408,115,6,0,0
51,30,0,0,0
107,18,0,0,0
251,53,2,0,0
25,14,0,0,0
29,22,0,0,0
67,0,0,0,0
143,7,0,0,0
511,48,2,0,0
56,22,0,0,0
298,60,1,0,0
131,35,0,0,0
340,54,0,0,0
60,26,0,0,0
548,116,5,0,0
23,12,0,0,0
75,61,0,0,0
405,84,1,0,0
116,19,1,0,0
176,19,1,0,0
31,1,0,0,0
108,24,0,1,0
35,4,1,0,0
1205,133,5,0,0
23,12,0,0,0
11,0,0,0,0
48,32,0,0,0
202,38,0,0,0
39,25,0,0,0
44,8,0,0,0
904,91,5,0,0
308,100,0,0,0
253,88,4,0,0
36,22,1,0,0
354,79,0,0,0
299,184,0,0,0
45,1,2,0,0
129,26,0,0,0
114,77,1,0,0
756,110,3,0,0
172,34,0,0,0
165,42,0,0,0
153,40,0,0,0
325,22,20,0,0
397,71,0,0,0
85,12,0,0,0
23,12,0,0,0
60,5,6,0,0
645,28,3,0,0
31,21,0,0,0
325,80,0,0,0
211,56,0,0,0
316,29,1,0,0
175,14,1,0,0
292,72,1,0,0
647,77,1,0,0
98,0,1,0,0
137,26,0,0,0
541,120,0,0,0
134,28,0,0,0
448,86,0,0,0
113,7,0,0,0
40,8,0,0,0
76,3,0,0,0
90,25,0,0,0
23,12,0,0,0
25,17,0,0,0
36,3,1,0,0
161,48,0,0,0
160,41,0,0,0
84,70,0,0,0
47,17,0,0,0
35,10,0,0,0
47,24,0,0,0
29,12,0,0,0
658,55,27,0,0
577,65,1,0,0
130,0,0,0,0
36,5,0,0,0
23,11,0,0,0
28,17,0,0,0
233,14,0,0,0
258,60,2,0,0
32,15,0,0,0
127,42,0,0,0
125,26,0,0,0
29,8,0,0,0
78,56,0,0,0
56,3,0,0,0
23,11,0,0,0
52,33,0,0,0
170,46,0,0,0
225,94,0,0,0
170,57,0,0,0
65,27,0,0,0
23,11,0,0,0
28,16,0,0,0
33,20,0,0,0
26,21,0,0,0
280,44,1,0,0
79,39,0,0,0
23,11,0,0,0
33,20,0,0,0
73,4,0,0,0
2316,480,7,0,0
72,2,0,0,0
185,57,1,0,0
150,35,0,0,0
76,42,0,0,0
51,10,0,0,0
85,9,2,0,0
26,13,0,0,0
60,40,0,0,0
65,33,0,0,0
301,28,0,0,0
610,68,2,1,0
872,27,9,1,0
23,12,0,0,0
33,22,0,0,0
261,62,2,0,0
3226,674,10,0,0
188,41,0,0,0
74,25,0,0,0
225,65,0,0,0
113,44,0,0,0
101,0,0,0,0
448,91,1,0,0
59,24,0,0,0
88,41,0,0,0
60,6,1,0,0
33,21,0,0,0
23,12,0,0,0
471,92,2,0,0
98,11,1,0,0
76,18,0,0,0
44,5,0,0,0
302,0,2,0,0
187,71,2,0,0
186,59,1,0,0
501,37,3,0,0
338,25,7,0,0
36,13,0,0,0
23,12,0,0,0
33,21,0,0,0
615,5,1,0,0
135,30,0,0,0
19,2,0,0,0
84,10,5,0,0
40,9,0,0,0
62,24,2,0,0
262,0,0,0,0
30,21,0,0,0
25,14,0,0,0
95,9,1,0,0
712,38,9,0,0
192,28,0,0,0
226,28,3,0,0
147,16,0,0,0
31,34,0,0,0
332,14,3,0,0
68,4,0,0,0
87,17,0,0,0
178,34,3,0,0
45,10,0,0,0
249,30,2,0,0
145,42,1,0,0
327,0,0,0,0
318,126,0,0,0
79,59,0,0,0
23,12,0,0,0
76,47,0,0,0
327,0,0,0,0
444,9,20,0,0
11,0,0,0,0
90,0,0,0,0
349,102,0,0,0
23,12,0,0,0
33,21,0,0,0
329,51,2,0,0
27,13,0,0,0
32,21,0,0,0
461,117,1,0,0
110,15,3,0,0
95,2,2,0,0
307,0,1,0,0
2562,24,1,0,0
1221,46,19,0,0
315,25,6,0,0
365,61,3,0,0
25,12,0,0,0
32,22,0,0,0
365,61,3,0,0
84,34,0,0,0
387,57,0,0,0
65,12,0,0,0
60,6,0,0,0
23,12,0,0,0
33,21,0,0,0
122,23,0,0,0
430,71,2,0,0
55,7,0,0,0
62,20,0,0,0
59,6,1,0,0
128,0,0,0,0
211,40,5,0,0
46,6,0,0,0
101,43,2,0,0
144,28,5,0,0
198,69,0,0,0
110,18,0,0,0
81,61,0,0,0
721,126,4,0,0
206,50,0,0,0
112,40,0,0,0
477,47,7,0,0
190,88,1,0,0
30,28,0,0,0
27,13,0,0,0
23,12,0,0,0
33,20,0,0,0
82,24,0,0,0
185,29,3,0,0
56,21,0,0,0
446,72,4,0,0
532,69,0,0,0
273,43,4,0,0
59,30,0,0,0
65,46,0,0,0
758,53,18,1,0
23,12,0,0,0
33,21,0,0,0
9,0,0,0,0
59,17,0,0,0
97,26,4,0,0
41,33,0,0,0
239,52,0,0,0
612,61,13,0,0
483,73,3,0,0
115,36,1,0,0
344,38,1,0,0
80,25,1,0,0
50,18,0,0,0
23,12,0,0,0
32,21,0,0,0
80,25,1,0,0
176,39,0,0,0
43,20,0,0,0
779,0,17,0,0
906,207,1,0,0
23,12,0,0,0
33,21,0,0,0
528,108,5,0,0
300,83,4,0,0
326,100,4,0,0
324,87,4,0,0
353,89,4,0,0
3291,689,8,0,0
3318,677,8,0,0
20,0,0,0,0
278,88,4,0,0
820,71,19,0,0
858,29,21,0,0
41,33,0,0,0
386,88,0,0,0
94,46,0,0,0
2501,165,13,8,0
150,3,2,0,0
162,12,0,0,0
39,2,0,0,0
230,4,1,0,0
280,84,1,0,0
71,0,1,0,0
27,12,0,0,0
255,119,0,0,0
103,77,0,0,0
71,0,1,0,0
634,0,4,0,0
450,96,2,0,0
465,52,1,0,0
379,40,1,0,0
385,50,1,0,0
1804,226,10,0,0
263,28,1,0,0
139,16,1,0,0
186,14,1,0,0
504,94,3,0,0
285,57,2,0,0
48,22,0,0,0
310,29,5,0,0
86,0,1,0,0
39,22,0,0,0
274,118,0,0,0
33,16,0,0,0
23,11,0,0,0
33,22,0,0,0
665,76,2,0,0
41,33,0,0,0
29,19,0,0,0
41,16,0,0,0
337,17,7,0,0
23,11,0,0,0
318,89,1,0,0
118,21,0,0,0
12,0,1,0,0
74,26,0,0,0
756,208,1,0,0
41,33,0,0,0
172,12,0,0,0
405,76,0,0,0
47,22,0,0,0
23,11,0,0,0
33,21,0,0,0
198,44,1,0,0
33,20,0,0,0
1245,272,4,0,0
23,11,0,0,0
33,1,4,0,0
88,2,0,0,0
16,0,0,0,0
31,5,0,0,0
61,11,1,0,0
25,2,1,0,0
20,0,0,0,0
85,56,0,0,0
23,11,0,0,0
81,125,1,0,0
442,114,1,0,0
578,110,4,0,0
30,16,0,0,0
380,94,2,0,0
273,75,1,0,0
23,11,0,0,0
140,44,0,0,0
406,84,0,0,0
101,9,1,0,0
201,48,0,0,0
91,18,0,0,0
28,16,0,0,0
23,12,0,0,0
91,24,0,0,0
678,175,4,0,0
471,123,2,0,0
320,43,2,0,0
591,6,3,0,0
41,33,0,0,0
241,41,15,0,0
27,13,0,0,0
250,96,1,0,0
52,18,1,0,0
23,12,0,0,0
33,20,0,0,0
126,76,0,0,0
370,73,2,0,0
188,50,1,0,0
278,55,1,0,0
44,33,0,0,0
554,96,2,0,0
477,126,2,0,0
426,123,1,0,0
201,48,0,0,0
165,2,1,0,0
244,20,6,0,0
33,21,0,0,0
23,12,0,0,0
943,194,5,0,0
950,254,5,0,0
313,67,17,0,0
165,46,1,0,0
90,7,0,0,0
199,2,1,0,0
22,4,0,0,0
101,78,0,0,0
22,8,0,0,0
84,67,0,0,0
23,12,0,0,0
17,8,0,0,0
54,18,1,0,0
28,4,0,0,0
621,152,3,0,0
41,33,0,0,0
40,15,0,0,0
218,81,1,0,0
36,11,0,0,0
39,27,0,0,0
52,5,2,0,0
43,5,0,0,0
285,47,5,0,0
312,71,1,0,0
234,31,0,0,0
58,19,0,0,0
23,12,0,0,0
33,22,0,0,0
72,21,0,0,0
111,14,0,0,0
231,39,0,0,0
64,0,0,0,0
26,0,0,0,0
23,12,0,0,0
33,22,0,0,0
26,0,0,0,0
48,7,2,0,0
258,86,0,0,0
25,14,0,0,0
148,73,0,0,0
28,22,0,0,0
63,9,2,0,0
337,0,6,0,0
83,34,0,0,0
41,33,0,0,0
68,19,0,0,0
23,12,0,0,0
93,73,0,0,0
1589,401,7,0,0
1467,377,6,0,0
25,12,0,0,0
1237,341,5,0,0
1144,321,5,0,0
315,129,2,0,0
518,169,2,0,0
321,108,1,0,0
316,99,0,0,0
1009,41,17,0,0
97,0,0,0,0
76,42,0,0,0
68,37,0,0,0
83,23,2,0,0
23,12,0,0,0
33,21,0,0,0
8,0,0,0,0
726,192,3,0,0
385,134,2,0,0
10,6,0,0,0
586,199,2,0,0
202,29,0,0,0
48,4,1,0,0
23,12,0,0,0
1384,299,5,0,0
93,21,0,0,0
171,29,2,0,0
746,239,3,1,0
176,33,0,0,0
23,12,0,0,0
34,21,0,0,0
110,15,3,0,0
86,20,0,0,0
147,132,0,0,0
332,89,0,0,0
210,47,2,0,0
261,70,0,0,0
117,34,0,0,0
136,22,0,0,0
266,36,0,0,0
56,21,0,0,0
384,84,0,0,0
170,39,0,0,0
215,48,0,0,0
61,16,0,0,0
110,18,0,0,0
23,10,0,0,0
23,12,0,0,0
34,21,0,0,0
33,7,0,0,0
215,48,0,0,0
61,16,0,0,0
458,61,5,0,0
54,33,0,0,0
39,18,0,0,0
97,72,0,0,0
353,103,5,0,0
185,13,0,0,0
562,188,3,0,0
127,26,0,0,0
168,47,0,0,0
352,36,1,0,0
60,24,1,0,0
93,16,0,0,0
824,138,2,0,0
70,27,1,0,0
23,12,0,0,0
34,22,0,0,0
360,25,0,0,0
281,103,4,0,0
70,27,1,0,0
201,32,0,0,0
385,66,1,0,0
606,204,2,0,0
506,82,2,0,0
51,4,4,0,0
17,0,1,0,0
181,44,5,0,0
97,19,1,0,0
443,15,1,0,0
139,18,1,0,0
207,37,0,0,0
294,34,0,0,0
27,5,0,0,0
67,10,0,0,0
38,22,0,0,0
425,124,1,0,0
23,12,0,0,0
203,81,1,0,0
97,19,1,0,0
207,37,0,0,0
130,30,0,0,0
294,34,0,0,0
27,5,0,0,0
299,27,1,0,0
123,26,0,0,0
60,31,3,0,0
23,11,0,0,0
35,21,0,0,0
24,7,0,0,0
1792,19,2,0,0
155,56,0,0,0
56,19,1,0,0
380,102,4,0,0
539,112,20,0,0
32,7,0,0,0
33,5,0,0,0
334,48,0,0,0
39,4,0,0,0
172,24,0,0,0
40,0,0,0,0
170,32,0,0,0
157,12,2,0,0
459,298,10,0,0
228,66,0,0,0
28,12,0,0,0
34,21,0,0,0
334,48,0,0,0
39,4,0,0,0
172,24,0,0,0
40,0,0,0,0
170,32,0,0,0
157,12,2,0,0
214,51,0,0,0
721,182,1,0,0
91,4,0,0,0
55,22,1,0,0
901,296,4,1,0
385,77,0,0,0
368,18,2,0,0
344,90,6,0,0
48,22,0,0,0
439,4,4,0,0
40,10,0,0,0
121,86,0,0,0
819,374,12,0,0
49,10,0,0,0
30,11,0,0,0
427,40,3,0,0
502,28,6,0,0
49,0,0,0,0
491,106,5,0,0
495,106,5,0,0
91,45,0,0,0
330,29,1,0,0
18,9,0,0,0
130,30,0,0,0
24,11,0,0,0
35,20,0,0,0
561,69,6,0,0
267,45,5,0,0
177,28,1,0,0
107,30,0,0,0
121,37,1,1,0
65,11,1,0,0
28,12,0,0,0
20,9,0,0,0
8,0,0,0,0
40,7,0,0,0
53,26,0,0,0
413,48,3,0,0
121,19,1,0,0
24,11,0,0,0
34,19,0,0,0
123,26,0,0,0
211,59,0,0,0
311,66,5,0,0
706,227,14,0,0
57,4,0,0,0
324,157,0,0,0
28,13,0,0,0
85,64,0,0,0
26,12,0,0,0
36,4,0,0,0
72,35,0,0,0
351,56,1,0,0
62,0,0,0,0
432,80,1,2,0
174,105,1,0,0
82,9,0,0,0
37,19,0,0,0
43,0,1,0,0
599,98,3,0,0
448,62,3,0,0
155,55,0,0,0
35,22,0,0,0
24,12,0,0,0
1077,70,33,0,0
57,23,1,0,0
188,13,2,0,0
800,87,5,1,0
70,25,0,0,0
120,16,0,0,0
368,73,0,0,0
132,30,0,0,0
661,100,3,0,0
1219,47,6,0,0
56,29,0,0,0
126,30,0,0,0
471,52,2,0,0
62,9,0,0,0
596,82,1,0,0
232,53,0,0,0
74,23,1,0,0
178,41,2,0,0
81,10,0,0,0
259,28,2,0,0
26,6,0,0,0
143,0,1,0,0
319,54,0,0,0
230,77,2,0,0
251,33,0,0,0
434,38,13,0,0
130,201,0,0,0
465,42,16,0,0
59,12,3,0,0
124,26,0,0,0
280,20,0,0,0
11,7,0,0,0
23,10,0,0,0
226,113,0,0,0
79,11,1,0,0
51,22,0,0,0
204,32,3,0,0
154,25,0,0,0
53,9,2,0,0
35,1,0,0,0
374,86,0,0,0
57,6,0,0,0
141,26,0,0,0
124,26,0,0,0
149,48,1,0,0
242,95,0,0,0
212,60,1,0,0
120,26,0,0,0
302,67,4,0,0
5,0,0,0,0
12,2,0,0,0
63,27,1,0,0
124,26,0,0,0
244,2,4,0,0
173,24,1,0,0
124,26,0,0,0
149,30,1,0,0
173,44,2,0,0
81,25,1,0,0
29,6,0,0,0
65,24,0,0,0
269,66,4,0,0
131,33,3,0,0
171,9,0,0,0
143,26,0,0,0
290,52,0,0,0
94,16,1,0,0
54,35,1,0,0
287,42,0,0,0
316,38,0,0,0
336,51,1,0,0
49,37,0,0,0
12,4,0,0,0
80,65,0,0,0
303,23,0,0,0
79,31,1,0,0
34,8,0,0,0
73,28,0,0,0
20,4,0,0,0
55,20,0,0,0
143,27,2,0,0
1089,23,13,0,0
277,147,12,0,0
545,24,10,0,0
380,21,2,0,0
128,26,0,0,0
58,36,1,0,0
95,6,1,0,0
112,29,1,0,0
246,56,0,0,0
155,55,0,0,0
68,31,0,0,0
219,1,7,0,0
133,22,0,0,0
976,87,6,0,0
130,28,0,0,0
126,26,0,0,0
77,23,3,0,0
71,2,0,0,0
107,4,2,0,0
320,57,2,0,0
67,29,1,0,0
449,92,3,0,0
213,18,1,0,0
389,33,2,0,0
466,3,4,0,0
170,15,5,0,0
441,5,8,0,0
478,24,24,1,0
141,19,1,0,0
509,29,3,0,0
94,9,0,0,0
136,28,0,0,0
508,42,2,0,0
867,13,5,0,0
559,36,4,0,0
88,8,3,0,0
56,0,1,0,0
150,24,0,0,0
17,0,2,0,0
102,85,1,0,0
66,18,0,0,0
212,44,0,0,0
119,26,0,0,0
94,34,0,0,0
207,9,0,0,0
115,48,1,0,0
122,28,0,0,0
163,28,2,0,0
160,96,2,0,0
122,28,0,0,0
86,54,1,0,0
196,0,1,0,0
231,153,1,0,0
87,10,0,0,0
89,52,0,0,0
158,124,0,0,0
1054,182,1,0,0
62,5,2,0,0
16,7,0,0,0
386,29,0,0,0
217,30,2,0,0
64,31,0,0,0
12,0,0,0,0
410,33,3,0,0
128,26,0,0,0
349,53,3,0,0
212,41,1,0,0
264,103,2,0,0
121,50,2,0,0
118,2,3,0,0
120,26,0,0,0
330,65,2,0,0
129,28,0,0,0
169,26,1,0,0
449,12,7,0,0
400,69,3,0,0
67,16,0,0,0
50,10,0,0,0
184,78,2,0,0
1578,315,2,0,0
866,114,6,0,0
509,0,6,0,0
3611,57,30,0,0
23,12,0,0,0
123,26,0,0,0
24,0,0,0,0
197,5,1,0,0
365,63,0,0,0
138,10,1,0,0
60,25,0,0,0
95,27,0,0,0
15,6,0,0,0
215,80,1,0,0
240,75,5,0,0
121,13,2,0,0
36,14,0,0,0
1640,328,4,0,0
63,28,0,0,0
379,72,2,0,0
30,15,0,0,0
287,8,1,0,0
276,30,0,0,0
43,0,0,0,0
95,42,1,0,0
202,131,0,0,0
93,47,0,0,0
14,0,0,0,0
182,70,0,0,0
99,45,2,0,0
365,82,0,0,0
145,95,1,0,0
381,45,28,2,0
151,26,1,0,0
245,22,2,0,0
133,41,0,0,0
27,0,1,0,0
219,103,0,0,0
605,157,0,0,0
264,16,2,0,0
274,17,2,0,0
483,135,1,0,0
7,0,0,0,0
102,57,0,0,0
76,8,0,0,0
372,67,18,0,0
125,30,0,0,0
96,5,1,0,0
86,19,1,0,0
49,2,1,0,0
544,153,1,0,0
270,79,1,0,0
87,41,0,0,0
15,0,0,1,0
186,33,0,0,0
218,37,0,0,0
105,36,1,0,0
72,13,1,0,0
337,61,7,0,0
113,20,1,0,0
387,89,1,0,0
279,58,2,0,0
107,4,1,0,0
84,13,2,0,0
73,15,0,0,0
124,5,5,0,0
91,12,0,0,0
128,26,0,0,0
58,0,0,0,0
18,10,0,0,0
25,0,0,0,0
166,20,1,0,0
149,62,0,0,0
55,22,0,0,0
120,26,0,0,0
126,26,0,0,0
79,0,0,0,0
444,102,0,0,0
240,95,0,0,0
298,78,2,0,0
207,32,0,0,0
29,14,0,0,0
122,28,0,0,0
153,51,0,0,0
400,11,2,0,0
100,20,1,0,0
389,20,6,0,0
271,66,1,0,0
229,85,3,0,0
118,44,0,0,0
1146,35,8,0,0
188,10,0,0,0
160,27,1,0,0
373,69,2,0,0
106,25,2,0,0
48,10,0,0,0
670,189,1,0,0
501,35,2,0,0
1478,112,9,0,0
100,65,0,0,0
675,39,2,0,0
199,8,0,0,0
159,26,1,0,0
682,82,3,0,0
381,240,17,0,0
61,17,0,0,0
21,16,0,0,0
120,6,0,0,0
82,18,2,0,0
65,31,1,0,0
494,66,0,0,0
13,1,0,0,0
195,73,1,0,0
118,33,1,0,0
821,211,1,0,0
125,72,1,0,0
250,55,0,0,0
305,72,0,0,0
71,34,0,0,0
571,206,1,0,0
125,26,0,0,0
160,46,0,0,0
290,29,2,0,0
229,113,7,0,0
21,1,0,0,0
235,73,0,0,0
121,66,3,0,0
198,36,0,0,0
105,1,5,0,0
21,6,0,0,0
24,0,0,0,0
456,53,1,0,0
59,9,0,0,0
314,327,9,0,0
342,88,3,0,0
465,56,2,0,0
254,16,8,0,0
315,10,7,0,0
101,3,1,0,0
380,60,1,0,0
763,96,2,0,0
130,22,2,0,0
22,12,0,0,0
92,38,0,0,0
73,2,1,0,0
110,90,1,0,0
170,74,3,0,0
339,145,3,0,0
430,4,4,0,0
35,10,0,0,0
225,96,0,0,0
544,179,5,0,0
305,76,12,2,0
98,22,0,0,0
77,24,0,0,0
203,46,0,0,0
244,58,1,0,0
175,40,0,0,0
347,82,1,0,0
46,12,0,0,0
78,47,0,0,0
72,15,1,0,0
145,26,0,0,0
1895,257,18,0,0
197,72,0,0,0
19,1,1,0,0
1141,129,2,0,0
25,0,0,0,0
367,40,1,1,0
305,62,2,0,0
495,93,2,0,0
110,30,2,0,0
214,80,1,0,0
60,25,0,0,0
54,2,2,0,0
319,68,0,0,0
119,11,2,0,0
146,32,0,0,0
436,39,4,0,0
65,12,0,0,0
37,16,0,0,0
272,113,1,0,0
173,45,2,0,0
101,16,0,0,0
109,60,2,0,0
226,6,9,0,0
198,1,0,0,0
53,0,3,0,0
168,22,0,0,0
409,142,1,0,0
374,118,1,0,0
209,39,1,0,0
455,87,3,0,0
203,39,0,0,0
211,15,1,0,0
82,20,3,0,0
434,33,1,0,0
180,26,2,0,0
56,77,0,0,0
170,79,0,0,0
66,5,0,0,0
400,31,2,0,0
74,41,1,0,0
441,75,0,0,0
138,0,2,0,0
1120,108,3,0,0
72,0,4,0,0
687,48,0,0,0
142,26,0,0,0
172,35,3,0,0
29,23,0,0,0
65,19,1,0,0
194,37,1,0,0
54,18,0,0,0
60,20,0,0,0
2030,443,4,0,0
30,3,1,0,0
502,90,3,0,0
354,78,0,0,0
863,126,4,0,0
63,15,0,0,0
310,87,1,0,0
348,68,0,0,0
87,50,0,0,0
54,0,1,0,0
28,20,0,0,0
99,45,3,0,0
131,30,0,0,0
198,47,1,0,0
13,1,0,0,0
98,21,1,0,0
221,94,1,0,0
322,145,1,0,0
118,20,0,0,0
324,131,2,0,0
65,9,0,0,0
78,4,0,0,0
49,30,0,0,0
114,29,1,0,0
143,30,0,0,0
22,0,0,0,0
133,26,0,0,0
150,24,0,0,0
106,5,0,0,0
182,36,0,0,0
329,62,0,0,0
40,2,1,0,0
16,0,0,0,0
9,0,0,0,0
350,3,1,0,0
648,210,2,0,0
71,6,0,0,0
100,0,2,0,0
180,104,3,0,0
327,145,1,0,0
23,12,0,0,0
1207,43,0,1,0
236,39,0,0,0
62,9,0,0,0
953,189,9,0,0
56,21,0,0,0
31,2,0,0,0
145,69,0,0,0
23,12,0,0,0
139,46,0,0,0
131,26,0,0,0
428,79,3,0,0
361,57,5,0,0
332,79,1,0,0
157,76,1,0,0
107,13,0,0,0
312,38,2,0,0
138,10,0,0,0
83,19,4,0,0
365,123,6,0,0
52,10,1,0,0
9,0,1,0,0
495,170,0,0,0
1419,260,3,0,0
207,59,0,0,0
122,14,6,0,0
109,77,1,0,0
445,37,3,0,0
730,66,35,1,0
196,0,0,0,0
324,76,12,2,0
410,10,8,0,0
94,90,1,0,0
49,0,0,0,0
317,159,6,0,0
1048,147,2,0,0
345,140,5,0,0
41,6,0,0,0
81,18,0,0,0
583,203,5,0,0
248,99,0,0,0
86,54,0,0,0
110,148,1,0,0
147,67,0,0,0
15,4,0,0,0
139,28,0,0,0
117,27,1,0,0
35,24,0,0,0
99,41,0,0,0
475,11,2,0,0
396,20,6,0,0
268,75,2,0,0
117,40,2,0,0
2287,234,12,0,0
311,48,24,2,0
124,22,0,0,0
14,0,0,0,0
233,110,1,0,0
161,79,3,0,0
440,10,9,0,0
20,6,0,0,0
208,35,1,0,0
282,91,0,0,0
16,12,0,0,0
53,7,0,0,0
79,7,0,0,0
86,21,0,0,0
61,32,0,0,0
92,25,0,0,0
58,25,1,0,0
79,0,0,0,0
667,184,1,0,0
104,46,2,0,0
313,64,17,0,0
58,0,2,0,0
374,81,1,0,0
240,57,0,0,0
121,25,1,0,0
323,59,1,0,0
35,6,1,0,0
120,27,0,0,0
44,17,0,0,0
128,28,0,0,0
175,0,3,0,0
229,23,0,0,0
67,10,0,0,0
184,28,0,0,0
65,23,0,0,0
91,32,0,0,0
89,33,2,0,0
418,10,13,1,0
152,0,3,0,0
2145,129,8,0,0
155,29,0,0,0
279,91,0,0,0
279,23,9,0,0
112,69,0,0,0
145,81,0,0,0
1682,117,7,0,0
276,59,0,0,0
36,4,0,0,0
131,63,1,0,0
423,75,2,0,0
60,5,1,0,0
58,15,0,0,0
2547,134,12,0,0
89,3,1,0,0
589,6,3,0,0
306,63,2,0,0
207,87,1,0,0
86,23,1,0,0
42,0,0,0,0
230,42,2,0,0
147,73,2,0,0
76,14,0,0,0
85,40,0,0,0
711,4,4,0,0
58,12,1,0,0
533,8,8,0,0
785,171,7,0,0
106,21,1,0,0
104,19,1,0,0
103,4,1,0,0
33,4,0,0,0
28,1,2,0,0
65,33,0,0,0
98,46,1,0,0
360,22,3,0,0
117,50,2,0,0
427,17,5,0,0
293,36,2,0,0
625,127,5,0,0
504,103,4,0,0
223,36,0,0,0
450,87,4,0,0
134,35,2,0,0
283,4,4,0,0
63,23,1,0,0
191,165,2,0,0
268,107,1,0,0
120,26,0,0,0
52,14,0,0,0
401,112,1,0,0
454,107,16,3,0
15,11,0,0,0
110,0,3,0,0
695,110,5,0,0
535,88,5,0,0
194,65,1,0,0
409,117,2,0,0
412,12,2,0,0
740,110,6,0,0
59,16,0,0,0
67,34,0,0,0
520,0,1,0,0
23,12,0,0,0
89,18,2,0,0
150,33,1,0,0
105,23,0,0,0
94,9,0,0,0
332,201,2,0,0
2336,24,1,0,0
793,46,3,0,0
12,0,0,0,0
313,102,2,0,0
29,0,0,0,0
91,42,0,0,0
66,6,0,0,0
44,8,0,0,0
396,84,4,0,0
467,91,4,0,0
43,5,4,0,0
11,5,0,0,0
52,14,1,0,0
41,27,0,0,0
181,41,1,0,0
169,60,1,0,0
14,0,0,0,0
286,109,1,0,0
299,50,2,0,0
334,81,1,0,0
247,99,0,0,0
103,54,1,0,0
389,89,1,0,0
81,26,4,0,0
30,9,0,0,0
49,26,0,0,0
91,11,2,0,0
131,18,1,0,0
126,23,0,0,0
65,35,0,0,0
245,410,1,0,0
181,29,2,0,0
191,335,3,0,0
56,22,0,0,0
46,8,1,0,0
284,64,3,0,0
81,2,0,0,0
54,10,1,0,0
436,96,12,3,0
378,232,1,0,0
450,197,8,0,0
384,24,1,0,0
128,27,1,0,0
422,92,5,0,0
136,24,0,0,0
18,0,0,0,0
739,98,4,0,0
105,12,0,0,0
251,300,2,0,0
299,24,1,0,0
672,296,1,0,0
20,0,0,0,0
192,5,3,0,0
743,37,3,0,0
175,30,1,0,0
46,3,1,0,0
52,3,2,0,0
456,104,4,0,0
109,30,0,0,0
373,13,14,1,0
425,42,1,0,0
199,32,1,0,0
113,161,1,0,0
312,30,1,0,0
136,29,2,0,0
362,30,2,0,0
26,0,0,0,0
41,76,0,0,0
705,32,2,0,0
168,11,2,0,0
728,52,1,0,0
27,0,0,0,0
55,12,0,0,0
192,2,0,0,0
434,26,5,0,0
121,48,2,0,0
378,104,3,0,0
109,45,5,0,0
117,44,0,0,0
635,57,2,0,0
122,28,0,0,0
775,62,5,0,0
59,5,1,0,0
63,12,0,0,0
61,27,0,0,0
110,10,0,0,0
280,95,3,0,0
262,3,5,0,0
307,49,2,0,0
67,17,0,0,0
501,128,3,0,0
26,3,1,0,0
95,44,0,0,0
589,27,6,0,0
75,14,0,0,0
799,39,8,1,0
145,10,3,0,0
311,91,0,0,0
1073,279,11,0,0
156,17,9,0,0
156,24,1,0,0
453,111,0,0,0
112,45,0,0,0
115,19,2,0,0
47,22,0,0,0
80,27,1,0,0
202,47,5,0,0
30,6,1,0,0
264,106,0,0,0
213,24,1,0,0
67,26,0,0,0
334,61,1,0,0
249,63,1,0,0
569,67,1,0,0
382,4,2,0,0
606,52,3,0,0
182,20,0,0,0
93,32,1,0,0
27,0,0,0,0
317,48,0,0,0
124,12,0,0,0
319,57,2,0,0
52,0,1,0,0
136,11,2,0,0
210,57,2,0,0
67,0,0,0,0
527,93,1,0,0
284,58,0,0,0
123,0,1,0,0
66,17,1,0,0
247,56,0,0,0
123,2,0,0,0
66,3,0,0,0
61,28,0,0,0
76,3,0,0,0
189,30,1,0,0
191,29,1,0,0
130,44,2,0,0
33,10,1,0,0
96,84,0,0,0
945,61,7,0,0
103,38,0,0,0
664,68,2,1,0
1096,90,7,0,0
844,73,5,1,0
321,86,2,0,0
112,48,1,0,0
56,4,1,0,0
19,11,0,0,0
235,64,1,0,0
659,46,7,0,0
172,64,0,0,0
96,0,0,0,0
20,5,0,0,0
180,0,2,0,0
61,30,0,0,0
107,58,0,0,0
170,44,0,0,0
61,19,1,0,0
125,28,0,0,0
24,4,0,0,0
57,7,1,0,0
409,24,4,0,0
90,17,0,0,0
198,33,1,0,0
222,68,0,0,0
177,72,0,0,0
150,29,0,0,0
56,21,0,0,0
1278,353,3,0,0
211,86,0,0,0
1436,392,3,0,0
615,87,6,0,0
344,104,0,0,0
122,33,0,0,0
12,0,0,0,0
149,40,0,0,0
415,10,3,0,0
328,15,3,0,0
1641,466,4,0,0
12,0,1,0,0
85,4,6,0,0
30,9,0,0,0
41,1,1,0,0
75,17,0,0,0
391,25,0,0,0
101,12,0,0,0
73,40,0,0,0
254,100,0,0,0
150,54,0,0,0
40,32,0,0,0
348,90,4,0,0
40,16,0,0,0
112,16,4,0,0
31,4,0,0,0
82,24,0,0,0
16,1,0,0,0
76,3,0,0,0
603,87,1,1,0
23,12,0,0,0
1379,24,1,0,0
153,52,0,0,0
283,88,0,0,0
149,34,0,0,0
32,11,0,0,0
153,29,0,0,0
594,181,0,0,0
192,67,0,0,0
59,41,0,0,0
166,58,0,0,0
17,11,0,0,0
145,39,0,0,0
48,13,0,0,0
304,147,0,0,0
151,37,1,0,0
106,26,0,0,0
570,151,6,0,0
206,26,0,0,0
167,63,1,0,0
61,24,0,0,0
107,9,2,0,0
47,2,3,0,0
31,12,0,0,0
33,20,0,0,0
23,11,0,0,0
256,42,2,0,0
215,13,1,0,0
132,2,0,0,0
277,86,1,0,0
49,3,0,0,0
153,8,2,0,0
346,120,1,0,0
635,185,0,0,0
646,115,0,0,0
297,94,1,0,0
1271,341,8,0,0
53,16,1,0,0
51,16,1,0,0
281,36,1,0,0
23,12,0,0,0
60,41,0,0,0
449,2,4,0,0
153,51,0,0,0
169,34,0,0,0
826,56,3,0,0
778,39,3,0,0
171,38,0,0,0
80,6,1,0,0
84,0,1,0,0
71,27,0,0,0
344,146,0,0,0
23,11,0,0,0
230,78,1,0,0
219,109,0,0,0
149,55,0,0,0
176,58,0,0,0
171,37,2,0,0
120,26,0,0,0
60,19,0,0,0
1513,430,8,0,0
395,60,0,0,0
56,0,2,0,0
666,84,0,0,0
625,75,0,0,0
1084,49,5,0,0
376,54,0,0,0
68,53,2,0,0
31,12,0,0,0
23,12,0,0,0
34,20,0,0,0
23,11,0,0,0
454,48,0,1,0
33,21,0,0,0
32,2,0,0,0
170,65,0,0,0
168,12,3,0,0
22,0,1,0,0
128,13,2,0,0
600,33,6,0,0
129,21,1,0,0
11,10,0,0,0
56,20,0,0,0
36,17,0,0,0
17,0,1,0,0
23,11,0,0,0
25,6,0,0,0
34,20,0,0,0
173,80,0,0,0
187,18,3,0,0
47,0,1,0,0
1549,94,4,0,0
188,57,2,0,0
49,15,1,0,0
25,14,0,0,0
139,28,0,0,0
31,21,0,0,0
292,137,0,0,0
130,34,1,0,0
306,138,0,0,0
219,82,0,0,0
146,38,0,0,0
103,26,0,0,0
57,25,0,0,0
139,10,0,0,0
221,54,5,0,0
184,2,1,0,0
35,21,0,0,0
190,56,0,0,0
105,7,2,0,0
23,12,0,0,0
74,58,0,0,0
145,46,0,0,0
78,24,0,0,0
98,26,0,0,0
105,26,0,0,0
103,26,0,0,0
67,29,0,0,0
379,81,11,3,0
374,42,11,0,0
186,0,5,0,0
23,12,0,0,0
30,22,0,0,0
55,17,0,0,0
289,102,0,0,0
113,11,1,0,0
52,10,0,0,0
98,32,0,0,0
174,13,0,0,0
31,21,0,0,0
23,12,0,0,0
53,23,0,0,0
32,9,0,0,0
584,167,2,0,0
321,80,0,0,0
310,35,2,0,0
402,71,3,0,0
371,128,2,0,0
153,36,0,0,0
54,4,0,0,0
33,12,0,0,0
23,12,0,0,0
34,21,0,0,0
135,5,3,0,0
504,107,0,0,0
248,135,1,0,0
154,58,0,0,0
177,64,0,0,0
119,26,0,0,0
160,65,0,0,0
50,8,0,0,0
245,83,2,0,0
437,166,0,0,0
23,12,0,0,0
34,23,0,0,0
321,120,3,0,0
20,6,0,0,0
37,2,1,0,0
134,2,0,0,0
51,2,2,0,0
74,2,1,0,0
79,0,0,0,0
331,45,0,0,0
